model,feature_group,feature_count,selection_objective,return_weight,sharpe_weight,valid_selection_score,valid_return_score,valid_sharpe_score,mapping_type,lower_prob,upper_prob,min_position,max_position,smoothing_window,smoothing_method,valid_accuracy,test_accuracy,valid_auc,test_auc,valid_cumulative_return,valid_max_drawdown,valid_sharpe,cumulative_return,annualized_return,max_drawdown,sharpe,power,excess_return_vs_buy_hold
logistic_regression,composite,28,weighted_valid_return_sharpe,0.5,0.5,4.239949836670684,5.6343331041511995,2.8455665691901695,linear_clipped,0.5,0.5,0.0,1.0,3,sma,0.5661157024793388,0.6867088607594937,0.5973794333539137,0.633685947204969,0.5254981324052839,-0.41488913361921986,1.2429483929250598,1.0734542302914836,0.7887671243070271,-0.14618825927768064,2.688602916834085,,0.0806841641949565
random_forest,momentum,20,weighted_valid_return_sharpe,0.5,0.5,2.451818804704725,3.0258304334523003,1.8778071759571495,power,0.5,0.65,0.0,1.0,5,sma,0.5619834710743802,0.6740506329113924,0.5838649927968718,0.63868400621118,0.2822105495649063,-0.40840792215679833,0.8202294182291193,0.8580592492093768,0.6389529389634807,-0.060503304521451584,3.3724627416167654,3.0,-0.13471081688715025
gradient_boosting,composite,28,weighted_valid_return_sharpe,0.5,0.5,1.9458863887012987,2.331771930711724,1.5600008466908735,power,0.5,0.55,0.0,1.0,10,ewma,0.5413223140495868,0.6360759493670886,0.5353639294779446,0.5997670807453415,0.2174776982712081,-0.41582851063227977,0.6814110646190158,0.7042366442824279,0.5298109590239461,-0.13155004209679932,2.2698117582263975,3.0,-0.28853342181409913
hist_gradient_boosting,composite,28,weighted_valid_return_sharpe,0.5,0.5,1.8793953672280121,2.2306368300293737,1.5281539044266503,power,0.5,0.65,0.0,1.0,5,sma,0.5371900826446281,0.6677215189873418,0.6028675310420526,0.6422263198757764,0.20804511671332349,-0.40840792215679844,0.6675002652247993,0.8530835551275504,0.6354519403689887,-0.11778311294102428,2.793369314920686,3.0,-0.13968651096897666
lightgbm,composite,28,weighted_valid_return_sharpe,0.5,0.5,1.5461976562006745,1.7572820980166943,1.3351132143846545,power,0.5,0.65,0.0,1.0,10,ewma,0.5371900826446281,0.6518987341772152,0.5647252521094874,0.6499417701863354,0.16389667482326242,-0.38710001018556395,0.583179758351144,0.7273761361515363,0.546352685327963,-0.12095587494897919,2.3308570713251853,3.0,-0.2653939299449908
