model,feature_group,feature_count,selection_objective,return_weight,sharpe_weight,valid_selection_score,valid_return_score,valid_sharpe_score,mapping_type,lower_prob,upper_prob,min_position,max_position,smoothing_window,valid_accuracy,test_accuracy,valid_auc,test_auc,valid_cumulative_return,valid_max_drawdown,valid_sharpe,cumulative_return,annualized_return,max_drawdown,sharpe,excess_return_vs_buy_hold
logistic_regression,composite,28,weighted_valid_return_sharpe,0.5,0.5,4.239949836670685,5.6343331041511995,2.8455665691901704,linear_clipped,0.5,0.5,0.0,1.0,3,0.5661157024793388,0.6867088607594937,0.5973794333539137,0.633685947204969,0.5254981324052839,-0.41488913361921986,1.2429483929250598,1.0734542302914836,0.7887671243070271,-0.14618825927768064,2.688602916834086,0.0806841641949565
random_forest,momentum,20,weighted_valid_return_sharpe,0.5,0.5,2.32627921280191,2.8724195484443897,1.7801388771594304,linear_clipped,0.5,0.65,0.0,1.0,5,0.5578512396694215,0.6708860759493671,0.5843452013445839,0.638586956521739,0.2679023551305193,-0.4086880102220307,0.7775677365996156,0.8707150240980108,0.6478492566163452,-0.07938574787057973,2.9696515429704924,-0.12205504199851624
gradient_boosting,composite,28,weighted_valid_return_sharpe,0.5,0.5,1.7924673251813437,2.1239915309831976,1.4609431193794897,linear_clipped,0.5,0.55,0.0,1.0,5,0.5413223140495868,0.6360759493670886,0.5386567880908281,0.5995729813664594,0.19809861471519374,-0.42489261172000403,0.6381424782146099,0.8701198486348618,0.6474311545473337,-0.13475047976254018,2.499094522615284,-0.12265021746166527
hist_gradient_boosting,composite,28,weighted_valid_return_sharpe,0.5,0.5,1.6394602573754589,1.9048526546073346,1.3740678601435832,linear_clipped,0.5,0.55,0.0,1.0,5,0.5495867768595041,0.629746835443038,0.6038965493585786,0.6233986801242236,0.1776601585316102,-0.4299166304403348,0.6001952149098724,0.8073430222859259,0.6031779601580971,-0.1469942232914322,2.1671785245419533,-0.18542704381060116
lightgbm,composite,28,weighted_valid_return_sharpe,0.5,0.5,1.3322162660489034,1.467050752215726,1.197381779882081,linear_clipped,0.5,0.65,0.0,1.0,5,0.5371900826446281,0.6518987341772152,0.5647252521094874,0.6499417701863354,0.13682762736642817,-0.41138206817560785,0.5230184298396984,0.8599531960298739,0.6402850589699656,-0.12799888591944286,2.45328765270608,-0.13281687006665321
